Date,Exercise,Category,Weight,Weight Unit,Reps,Distance,Distance Unit,Time,Comment
2025-02-24,Lat Pulldown,Back,140.0,lbs,12,,,,""
2025-02-24,Lat Pulldown,Back,150.0,lbs,9,,,,""
2025-02-24,Lat Pulldown,Back,150.0,lbs,8,,,,""
2025-02-24,Lat Pulldown,Back,140.0,lbs,8,,,,""
2025-02-24,Longpull,Back,130.0,lbs,10,,,,""
2025-02-24,Longpull,Back,130.0,lbs,10,,,,""
2025-02-24,Longpull,Back,130.0,lbs,10,,,,""
2025-02-24,Longpull,Back,130.0,lbs,10,,,,""
2025-02-24,Pulldown (Free Weights),Back,90.0,lbs,11,,,,""
2025-02-24,Pulldown (Free Weights),Back,115.0,lbs,4,,,,""
2025-02-24,Pulldown (Free Weights),Back,90.0,lbs,10,,,,""
2025-02-24,Pulldown (Free Weights),Back,90.0,lbs,8,,,,""
2025-02-24,Rows (Free Weights),Back,65.0,lbs,15,,,,""
2025-02-24,Rows (Free Weights),Back,90.0,lbs,10,,,,""
2025-02-24,Rows (Free Weights),Back,115.0,lbs,8,,,,""
2025-02-24,Rows (Free Weights),Back,90.0,lbs,10,,,,""
2025-02-25,Shoulder Press,Shoulders,45.0,lbs,12,,,,""
2025-02-25,Shoulder Press,Shoulders,90.0,lbs,12,,,,""
2025-02-25,Barbell Curl,Biceps,50.0,lbs,15,,,,""
2025-02-25,Shoulder Press,Shoulders,100.0,lbs,6,,,,""
2025-02-25,Shoulder Press,Shoulders,90.0,lbs,7,,,,""
2025-02-25,Shoulder Press,Shoulders,70.0,lbs,8,,,,""
2025-02-25,Barbell Curl,Biceps,70.0,lbs,13,,,,""
2025-02-25,Parallel Bar Triceps Dip,Triceps,10.0,lbs,15,,,,""
2025-02-25,Parallel Bar Triceps Dip,Triceps,15.0,lbs,12,,,,""
2025-02-25,Barbell Curl,Biceps,70.0,lbs,9,,,,""
2025-02-25,Parallel Bar Triceps Dip,Triceps,15.0,lbs,12,,,,""
2025-02-25,Barbell Curl,Biceps,60.0,lbs,12,,,,""
2025-02-25,Lateral Dumbbell Raise,Shoulders,15.0,lbs,15,,,,""
2025-02-25,Lateral Dumbbell Raise,Shoulders,15.0,lbs,12,,,,""
2025-02-25,Dumbbell Curl,Biceps,30.0,lbs,8,,,,""
2025-02-25,Dumbbell Curl,Biceps,30.0,lbs,7,,,,""
2025-02-25,Lateral Dumbbell Raise,Shoulders,15.0,lbs,10,,,,""
2025-02-25,Dumbbell Curl,Biceps,25.0,lbs,7,,,,""
2025-02-25,Lateral Dumbbell Raise,Shoulders,15.0,lbs,12,,,,""
2025-02-25,Dumbbell Curl,Biceps,30.0,lbs,7,,,,""
2025-02-25,V-Bar Push Down,Triceps,120.0,lbs,12,,,,""
2025-03-01,Incline Dumbbell Bench Press,Chest,75.0,lbs,12,,,,""
2025-03-01,Incline Dumbbell Bench Press,Chest,75.0,lbs,12,,,,""
2025-03-01,Incline Dumbbell Bench Press,Chest,75.0,lbs,6,,,,""
2025-03-01,Incline Dumbbell Bench Press,Chest,65.0,lbs,8,,,,""
2025-03-01,Chest Press,Chest,55.0,lbs,12,,,,""
2025-03-01,Dips (Chest),Chest,15.0,lbs,8,,,,""
2025-03-01,Chest Press,Chest,70.0,lbs,12,,,,""
2025-03-01,Chest Press,Chest,80.0,lbs,8,,,,""
2025-03-01,Chest Press,Chest,70.0,lbs,8,,,,""
2025-03-01,Dips (Chest),Chest,10.0,lbs,11,,,,""
2025-03-01,Dips (Chest),Chest,10.0,lbs,10,,,,""
2025-03-01,Dips (Chest),Chest,10.0,lbs,11,,,,""
2025-03-01,Cable Fly,Chest,7.0,lbs,12,,,,""
2025-03-01,Cable Fly,Chest,9.0,lbs,12,,,,""
2025-03-01,Cable Fly,Chest,10.0,lbs,9,,,,""
2025-03-01,Cable Fly,Chest,8.0,lbs,9,,,,""
2025-03-01,Incline Press,Chest,45.0,lbs,12,,,,""
2025-03-01,Incline Press,Chest,45.0,lbs,8,,,,""
2025-03-01,Incline Press,Chest,45.0,lbs,12,,,,""
2025-03-01,Incline Press,Chest,55.0,lbs,6,,,,""
2025-03-06,Longpull,Back,130.0,lbs,12,,,,""
2025-03-06,Longpull,Back,140.0,lbs,12,,,,""
2025-03-06,Longpull,Back,140.0,lbs,12,,,,""
2025-03-06,Lat Pulldown,Back,140.0,lbs,12,,,,""
2025-03-06,Pulldown (Free Weights),Back,90.0,lbs,12,,,,""
2025-03-06,Longpull,Back,150.0,lbs,10,,,,""
2025-03-06,Pulldown (Free Weights),Back,90.0,lbs,10,,,,""
2025-03-06,Rows (Free Weights),Back,90.0,lbs,10,,,,""
2025-03-06,Pulldown (Free Weights),Back,90.0,lbs,8,,,,""
2025-03-06,Pulldown (Free Weights),Back,80.0,lbs,10,,,,""
2025-03-06,Rows (Free Weights),Back,90.0,lbs,12,,,,""
2025-03-06,Rows (Free Weights),Back,90.0,lbs,12,,,,""
2025-03-07,V-Bar Push Down,Triceps,140.0,lbs,12,,,,""
2025-03-07,Barbell Curl,Biceps,60.0,lbs,12,,,,""
2025-03-07,Lateral Dumbbell Raise,Shoulders,15.0,lbs,12,,,,""
2025-03-07,Lateral Dumbbell Raise,Shoulders,15.0,lbs,12,,,,""
2025-03-07,Barbell Curl,Biceps,70.0,lbs,12,,,,""
2025-03-07,V-Bar Push Down,Triceps,140.0,lbs,12,,,,""
2025-03-07,V-Bar Push Down,Triceps,150.0,lbs,12,,,,""
2025-03-07,Barbell Curl,Biceps,80.0,lbs,8,,,,""
2025-03-07,Lateral Dumbbell Raise,Shoulders,20.0,lbs,8,,,,""
2025-03-07,V-Bar Push Down,Triceps,150.0,lbs,9,,,,""
2025-03-09,Incline Dumbbell Bench Press,Chest,75.0,lbs,12,,,,""
2025-03-09,Dips (Chest),Chest,15.0,lbs,8,,,,""
2025-03-09,Incline Dumbbell Bench Press,Chest,75.0,lbs,11,,,,""
2025-03-09,Incline Dumbbell Bench Press,Chest,75.0,lbs,9,,,,""
2025-03-09,Incline Dumbbell Bench Press,Chest,70.0,lbs,6,,,,""
2025-03-09,Chest Press,Chest,70.0,lbs,10,,,,""
2025-03-09,Chest Press,Chest,80.0,lbs,7,,,,""
2025-03-09,Chest Press,Chest,70.0,lbs,10,,,,""
2025-03-09,Chest Press,Chest,70.0,lbs,8,,,,""
2025-03-09,Dips (Chest),Chest,15.0,lbs,8,,,,""
2025-03-09,Dips (Chest),Chest,15.0,lbs,8,,,,""
2025-03-09,Dips (Chest),Chest,15.0,lbs,10,,,,""
2025-03-09,Cable Fly,Chest,40.0,lbs,8,,,,""
2025-03-09,Cable Fly,Chest,30.0,lbs,10,,,,""
2025-03-10,Lat Pulldown,Back,130.0,lbs,12,,,,""
2025-03-10,Longpull,Back,130.0,lbs,12,,,,""
2025-03-10,Pulldown (Free Weights),Back,80.0,lbs,12,,,,""
2025-03-10,Lat Pulldown,Back,140.0,lbs,12,,,,""
2025-03-10,Lat Pulldown,Back,140.0,lbs,9,,,,""
2025-03-10,Lat Pulldown,Back,140.0,lbs,8,,,,""
2025-03-10,Longpull,Back,130.0,lbs,12,,,,""
2025-03-10,Longpull,Back,130.0,lbs,12,,,,""
2025-03-10,Longpull,Back,130.0,lbs,10,,,,""
2025-03-10,Pulldown (Free Weights),Back,80.0,lbs,12,,,,""
2025-03-10,Pulldown (Free Weights),Back,80.0,lbs,12,,,,""
2025-03-10,Pulldown (Free Weights),Back,80.0,lbs,12,,,,""
2025-03-10,Rows (Free Weights),Back,80.0,lbs,10,,,,""
2025-03-11,Shoulder Press,Shoulders,45.0,lbs,15,,,,""
2025-03-11,Shoulder Press,Shoulders,70.0,lbs,15,,,,""
2025-03-11,Shoulder Press,Shoulders,90.0,lbs,12,,,,""
2025-03-11,Parallel Bar Triceps Dip,Triceps,10.0,lbs,15,,,,""
2025-03-11,Rope Push Down,Triceps,100.0,lbs,10,,,,""
2025-03-11,Lateral Dumbbell Raise,Shoulders,20.0,lbs,10,,,,""
2025-03-11,Barbell Curl,Biceps,70.0,lbs,12,,,,""
2025-03-11,Barbell Curl,Biceps,80.0,lbs,8,,,,""
2025-03-11,Barbell Curl,Biceps,70.0,lbs,8,,,,""
2025-03-11,Rope Push Down,Triceps,90.0,lbs,10,,,,""
2025-03-11,Lateral Dumbbell Raise,Shoulders,15.0,lbs,8,,,,""
2025-03-11,Rope Push Down,Triceps,90.0,lbs,12,,,,""
2025-03-11,Rope Push Down,Triceps,90.0,lbs,9,,,,""
2025-03-11,Shoulder Press,Shoulders,90.0,lbs,6,,,,""
2025-03-11,Lateral Dumbbell Raise,Shoulders,15.0,lbs,10,,,,""
2025-03-17,Pull Up,Back,0.0,lbs,5,,,,""
2025-03-17,Longpull,Back,140.0,lbs,12,,,,""
2025-03-17,Pulldown (Free Weights),Back,90.0,lbs,12,,,,""
2025-03-17,Pull Up,Back,0.0,lbs,4,,,,""
2025-03-17,Pull Up,Back,0.0,lbs,3,,,,""
2025-03-17,Longpull,Back,140.0,lbs,12,,,,""
2025-03-17,Longpull,Back,140.0,lbs,9,,,,""
2025-03-17,Longpull,Back,130.0,lbs,12,,,,""
2025-03-17,Pulldown (Free Weights),Back,90.0,lbs,10,,,,""
2025-03-17,Pulldown (Free Weights),Back,90.0,lbs,10,,,,""
2025-03-18,Shoulder Press,Shoulders,90.0,lbs,12,,,,""
2025-03-18,Shoulder Press,Shoulders,90.0,lbs,11,,,,""
2025-03-18,Shoulder Press,Shoulders,90.0,lbs,8,,,,""
2025-03-18,Shoulder Press,Shoulders,90.0,lbs,6,,,,""
2025-03-18,Shoulder Press,Shoulders,45.0,lbs,6,,,,""
2025-03-18,Barbell Curl,Biceps,70.0,lbs,12,,,,""
2025-03-18,Barbell Curl,Biceps,70.0,lbs,10,,,,""
2025-03-18,Rope Push Down,Triceps,70.0,lbs,10,,,,""
2025-03-18,Rope Push Down,Triceps,70.0,lbs,10,,,,""
2025-03-18,Lateral Dumbbell Raise,Shoulders,15.0,lbs,12,,,,""
2025-03-18,Lateral Dumbbell Raise,Shoulders,20.0,lbs,12,,,,""
2025-03-18,Lateral Dumbbell Raise,Shoulders,20.0,lbs,12,,,,""
2025-03-18,Barbell Curl,Biceps,70.0,lbs,7,,,,""
2025-03-18,Barbell Curl,Biceps,70.0,lbs,5,,,,""
2025-03-19,Barbell Squat,Legs,45.0,lbs,12,,,,""
2025-03-20,Incline Dumbbell Bench Press,Chest,80.0,lbs,12,,,,""
2025-03-20,Incline Dumbbell Bench Press,Chest,80.0,lbs,12,,,,""
2025-03-20,Incline Dumbbell Bench Press,Chest,80.0,lbs,7,,,,""
2025-03-20,Incline Dumbbell Bench Press,Chest,75.0,lbs,6,,,,""
2025-03-20,Chest Press,Chest,70.0,lbs,11,,,,""
2025-03-20,Dips (Chest),Chest,0.0,lbs,10,,,,""
2025-03-20,Chest Press,Chest,70.0,lbs,12,,,,""
2025-03-20,Chest Press,Chest,70.0,lbs,8,,,,""
2025-03-20,Chest Press,Chest,70.0,lbs,6,,,,""
2025-03-20,Cable Fly,Chest,30.0,lbs,12,,,,""
2025-03-20,Dips (Chest),Chest,0.0,lbs,10,,,,""
2025-03-20,Dips (Chest),Chest,0.0,lbs,11,,,,""
2025-03-23,Longpull,Back,150.0,lbs,12,,,,""
2025-03-23,Lat Pulldown,Back,150.0,lbs,12,,,,""
2025-03-23,Pulldown (Free Weights),Back,90.0,lbs,12,,,,""
2025-03-23,Rows (Free Weights),Back,90.0,lbs,12,,,,""
2025-03-23,Longpull,Back,150.0,lbs,10,,,,""
2025-03-23,Longpull,Back,150.0,lbs,8,,,,""
2025-03-23,Longpull,Back,140.0,lbs,9,,,,""
2025-03-23,Pulldown (Free Weights),Back,100.0,lbs,8,,,,""
2025-03-23,Pulldown (Free Weights),Back,100.0,lbs,8,,,,""
2025-03-23,Pulldown (Free Weights),Back,100.0,lbs,8,,,,""
2025-03-23,Rows (Free Weights),Back,100.0,lbs,11,,,,""
2025-03-23,Rows (Free Weights),Back,100.0,lbs,9,,,,""
2025-03-23,Rows (Free Weights),Back,100.0,lbs,8,,,,""
2025-03-24,Shoulder Press,Shoulders,90.0,lbs,12,,,,""
2025-03-24,Shoulder Press,Shoulders,90.0,lbs,10,,,,""
2025-03-24,Shoulder Press,Shoulders,90.0,lbs,8,,,,""
2025-03-24,Barbell Curl,Biceps,70.0,lbs,12,,,,""
2025-03-24,Lateral Dumbbell Raise,Shoulders,20.0,lbs,12,,,,""
2025-03-24,Rope Push Down,Triceps,90.0,lbs,10,,,,""
2025-03-24,Lateral Dumbbell Raise,Shoulders,20.0,lbs,12,,,,""
2025-03-24,Rope Push Down,Triceps,90.0,lbs,10,,,,""
2025-03-24,Barbell Curl,Biceps,70.0,lbs,12,,,,""
2025-03-24,Shoulder Press,Shoulders,90.0,lbs,7,,,,""
2025-03-24,Shoulder Press,Shoulders,45.0,lbs,8,,,,""
2025-03-24,Barbell Curl,Biceps,70.0,lbs,9,,,,""
2025-03-24,Lateral Dumbbell Raise,Shoulders,20.0,lbs,10,,,,""
2025-03-24,Rope Push Down,Triceps,90.0,lbs,10,,,,""
2025-03-24,Lateral Dumbbell Raise,Shoulders,15.0,lbs,9,,,,""
2025-03-24,Rope Push Down,Triceps,90.0,lbs,9,,,,""
2025-03-24,Rope Push Down,Triceps,70.0,lbs,6,,,,""
2025-03-24,Barbell Curl,Biceps,60.0,lbs,10,,,,""
2025-03-24,Parallel Bar Triceps Dip,Triceps,0.0,lbs,14,,,,""
2025-03-24,Parallel Bar Triceps Dip,Triceps,0.0,lbs,10,,,,""
2025-03-25,Barbell Squat,Legs,55.0,lbs,11,,,,""
2025-03-25,Leg Press,Legs,145.0,lbs,11,,,,""
2025-03-25,Barbell Squat,Legs,55.0,lbs,10,,,,""
2025-03-25,Barbell Squat,Legs,55.0,lbs,10,,,,""
2025-03-25,Barbell Squat,Legs,55.0,lbs,10,,,,""
2025-03-25,Calf Raise,Legs,200.0,lbs,12,,,,""
2025-03-25,Leg Press,Legs,170.0,lbs,10,,,,""
2025-03-25,Leg Press,Legs,170.0,lbs,9,,,,""
2025-03-25,Leg Press,Legs,170.0,lbs,8,,,,""
2025-03-26,Incline Dumbbell Bench Press,Chest,80.0,lbs,12,,,,""
2025-03-26,Chest Press,Chest,70.0,lbs,8,,,,""
2025-03-26,Dips (Chest),Chest,0.0,lbs,10,,,,""
2025-03-26,Incline Dumbbell Bench Press,Chest,80.0,lbs,11,,,,""
2025-03-26,Incline Dumbbell Bench Press,Chest,80.0,lbs,9,,,,""
2025-03-26,Incline Dumbbell Bench Press,Chest,70.0,lbs,7,,,,""
2025-03-26,Incline Dumbbell Bench Press,Chest,55.0,lbs,7,,,,""
2025-03-26,Chest Press,Chest,70.0,lbs,8,,,,""
2025-03-26,Chest Press,Chest,70.0,lbs,8,,,,""
2025-03-26,Chest Press,Chest,70.0,lbs,8,,,,""
2025-03-26,Chest Press,Chest,45.0,lbs,6,,,,""
2025-03-28,Longpull,Back,150.0,lbs,12,,,,""
2025-03-28,Longpull,Back,150.0,lbs,12,,,,""
2025-03-28,Longpull,Back,150.0,lbs,11,,,,""
2025-03-28,Pulldown (Free Weights),Back,100.0,lbs,12,,,,""
2025-03-28,Lat Pulldown,Back,140.0,lbs,7,,,,""
2025-03-28,Rows (Free Weights),Back,100.0,lbs,12,,,,""
2025-03-28,Longpull,Back,150.0,lbs,7,,,,""
2025-03-28,Pulldown (Free Weights),Back,100.0,lbs,12,,,,""
2025-03-28,Pulldown (Free Weights),Back,100.0,lbs,11,,,,""
2025-03-28,Pulldown (Free Weights),Back,100.0,lbs,8,,,,""
2025-03-28,Rows (Free Weights),Back,100.0,lbs,12,,,,""
2025-03-28,Rows (Free Weights),Back,100.0,lbs,10,,,,""
2025-03-28,Rows (Free Weights),Back,100.0,lbs,10,,,,""
2025-03-28,Lat Pulldown,Back,120.0,lbs,10,,,,""
2025-03-31,Chest Press,Chest,90.0,lbs,12,,,,""
2025-03-31,Incline Press,Chest,80.0,lbs,6,,,,""
2025-03-31,Chest Press,Chest,90.0,lbs,12,,,,""
2025-03-31,Chest Press,Chest,90.0,lbs,9,,,,""
2025-03-31,Chest Press,Chest,90.0,lbs,7,,,,""
2025-03-31,Chest Press,Chest,45.0,lbs,8,,,,""
2025-03-31,Incline Press,Chest,70.0,lbs,11,,,,""
2025-04-01,Longpull,Back,150.0,lbs,12,,,,""
2025-04-01,Longpull,Back,150.0,lbs,12,,,,""
2025-04-01,Longpull,Back,150.0,lbs,10,,,,""
2025-04-01,Longpull,Back,150.0,lbs,7,,,,""
2025-04-01,Pulldown (Free Weights),Back,110.0,lbs,10,,,,""
2025-04-01,Pulldown (Free Weights),Back,110.0,lbs,8,,,,""
2025-04-01,Incline Barbell Bench Press,Chest,70.0,lbs,8,,,,""
2025-04-01,Incline Barbell Bench Press,Chest,70.0,lbs,8,,,,""
2025-04-01,Incline Barbell Bench Press,Chest,70.0,lbs,7,,,,""
2025-04-09,Incline Press,Chest,70.0,lbs,8,,,,""
2025-04-09,Incline Press,Chest,70.0,lbs,8,,,,""
2025-04-15,Incline Dumbbell Bench Press,Chest,80.0,lbs,12,,,,""
2025-04-15,Incline Dumbbell Bench Press,Chest,80.0,lbs,10,,,,""
2025-04-15,Incline Dumbbell Bench Press,Chest,70.0,lbs,9,,,,""
2025-04-15,Chest Press,Chest,90.0,lbs,12,,,,""
2025-04-15,Incline Dumbbell Bench Press,Chest,70.0,lbs,7,,,,""
2025-04-15,Incline Dumbbell Bench Press,Chest,60.0,lbs,6,,,,""
2025-04-16,Longpull,Back,150.0,lbs,12,,,,""
2025-04-16,Longpull,Back,150.0,lbs,12,,,,""
2025-04-16,Longpull,Back,150.0,lbs,12,,,,""
2025-04-16,Pulldown (Free Weights),Back,115.0,lbs,7,,,,""
2025-04-16,Pulldown (Free Weights),Back,100.0,lbs,10,,,,""
2025-04-16,Pulldown (Free Weights),Back,100.0,lbs,10,,,,""
2025-04-16,Rows (Free Weights),Back,100.0,lbs,12,,,,""
2025-04-16,Pulldown (Free Weights),Back,100.0,lbs,8,,,,""
2025-04-17,Shoulder Press,Shoulders,90.0,lbs,12,,,,""
2025-04-17,Shoulder Press,Shoulders,100.0,lbs,9,,,,""
2025-04-17,Shoulder Press,Shoulders,100.0,lbs,6,,,,""
2025-04-17,Shoulder Press,Shoulders,90.0,lbs,6,,,,""
2025-04-17,Shoulder Press,Shoulders,45.0,lbs,6,,,,""
2025-04-17,Barbell Curl,Biceps,70.0,lbs,12,,,,""
2025-04-17,Rope Push Down,Triceps,100.0,lbs,10,,,,""
2025-04-17,Lateral Dumbbell Raise,Shoulders,20.0,lbs,12,,,,""
2025-04-17,Barbell Curl,Biceps,80.0,lbs,8,,,,""
2025-04-17,Rope Push Down,Triceps,110.0,lbs,9,,,,""
2025-04-17,Lateral Dumbbell Raise,Shoulders,20.0,lbs,10,,,,""
2025-04-18,Barbell Squat,Legs,55.0,lbs,11,,,,""
2025-04-19,Incline Dumbbell Bench Press,Chest,70.0,lbs,10,,,,""
2025-04-19,Incline Dumbbell Bench Press,Chest,70.0,lbs,12,,,,""
2025-04-19,Incline Dumbbell Bench Press,Chest,70.0,lbs,9,,,,""
2025-04-19,Incline Press,Chest,55.0,lbs,12,,,,""
2025-04-19,Chest Press,Chest,70.0,lbs,7,,,,""
2025-04-19,Chest Press,Chest,70.0,lbs,10,,,,""
2025-04-19,Chest Press,Chest,70.0,lbs,10,,,,""
2025-04-21,Longpull,Back,170.0,lbs,12,,,,""
2025-04-21,Longpull,Back,170.0,lbs,9,,,,""
2025-04-21,Longpull,Back,170.0,lbs,8,,,,""
2025-04-21,Longpull,Back,150.0,lbs,11,,,,""
2025-04-21,Pulldown (Free Weights),Back,115.0,lbs,8,,,,""
2025-04-21,Pulldown (Free Weights),Back,100.0,lbs,12,,,,""
2025-04-21,Pulldown (Free Weights),Back,100.0,lbs,10,,,,""
2025-04-22,Shoulder Press,Shoulders,100.0,lbs,11,,,,""
2025-04-22,Shoulder Press,Shoulders,100.0,lbs,10,,,,""
2025-04-22,Shoulder Press,Shoulders,90.0,lbs,10,,,,""
2025-04-22,Shoulder Press,Shoulders,90.0,lbs,8,,,,""
2025-04-22,Barbell Curl,Biceps,80.0,lbs,10,,,,""
2025-04-22,Rope Push Down,Triceps,110.0,lbs,9,,,,""
2025-04-22,Rope Push Down,Triceps,110.0,lbs,11,,,,""
2025-04-22,Barbell Curl,Biceps,80.0,lbs,9,,,,""
2025-04-22,Barbell Curl,Biceps,80.0,lbs,6,,,,""
2025-04-23,Barbell Squat,Legs,55.0,lbs,12,,,,""
2025-04-23,Barbell Squat,Legs,70.0,lbs,9,,,,""
2025-04-24,Incline Dumbbell Bench Press,Chest,85.0,lbs,10,,,,""
2025-04-24,Incline Dumbbell Bench Press,Chest,80.0,lbs,10,,,,""
2025-04-24,Incline Dumbbell Bench Press,Chest,80.0,lbs,8,,,,""
2025-04-24,Incline Dumbbell Bench Press,Chest,70.0,lbs,10,,,,""
2025-04-24,Chest Press,Chest,100.0,lbs,7,,,,""
2025-04-24,Chest Press,Chest,90.0,lbs,8,,,,""
2025-04-24,Chest Press,Chest,90.0,lbs,9,,,,""
2025-04-25,Longpull,Back,170.0,lbs,12,,,,""
2025-04-25,Longpull,Back,170.0,lbs,8,,,,""
2025-04-25,Longpull,Back,150.0,lbs,12,,,,""
2025-04-25,Longpull,Back,150.0,lbs,8,,,,""
2025-04-25,Pulldown (Free Weights),Back,115.0,lbs,9,,,,""
2025-04-25,Rows (Free Weights),Back,115.0,lbs,12,,,,""
2025-04-25,Pulldown (Free Weights),Back,115.0,lbs,7,,,,""
2025-04-25,Pulldown (Free Weights),Back,100.0,lbs,8,,,,""
2025-04-25,Pulldown (Free Weights),Back,90.0,lbs,12,,,,""
2025-04-27,Barbell Squat,Legs,70.0,lbs,12,,,,""
2025-04-30,Incline Press,Chest,70.0,lbs,12,,,,""
2025-04-30,Incline Press,Chest,80.0,lbs,7,,,,""
2025-04-30,Incline Press,Chest,70.0,lbs,8,,,,""
2025-04-30,Incline Press,Chest,70.0,lbs,6,,,,""
2025-04-30,Flat Barbell Bench Press,Chest,70.0,lbs,6,,,,""
2025-04-30,Flat Barbell Bench Press,Chest,70.0,lbs,5,,,,""
2025-04-30,Flat Barbell Bench Press,Chest,45.0,lbs,12,,,,""
2025-04-30,Flat Barbell Bench Press,Chest,45.0,lbs,12,,,,""
2025-04-30,Dips (Chest),Chest,0.0,lbs,12,,,,""
2025-05-04,Longpull,Back,170.0,lbs,12,,,,""
2025-05-04,Longpull,Back,190.0,lbs,6,,,,""
2025-05-04,Longpull,Back,170.0,lbs,10,,,,""
2025-05-04,Longpull,Back,150.0,lbs,10,,,,""
2025-05-04,Pulldown (Free Weights),Back,115.0,lbs,8,,,,""
2025-05-04,Pulldown (Free Weights),Back,100.0,lbs,9,,,,""
2025-05-04,Pulldown (Free Weights),Back,100.0,lbs,9,,,,""
2025-05-04,Pulldown (Free Weights),Back,90.0,lbs,9,,,,""
2025-05-04,Rows (Free Weights),Back,115.0,lbs,10,,,,""
2025-05-04,Rows (Free Weights),Back,115.0,lbs,7,,,,""
2025-05-04,Rows (Free Weights),Back,90.0,lbs,12,,,,""
2025-05-04,Rows (Free Weights),Back,90.0,lbs,12,,,,""
2025-05-05,Shoulder Press,Shoulders,110.0,lbs,8,,,,""
2025-05-05,Barbell Curl,Biceps,80.0,lbs,10,,,,""
2025-05-05,Shoulder Press,Shoulders,100.0,lbs,11,,,,""
2025-05-05,Shoulder Press,Shoulders,100.0,lbs,8,,,,""
2025-05-05,Shoulder Press,Shoulders,90.0,lbs,8,,,,""
2025-05-05,Barbell Curl,Biceps,80.0,lbs,8,,,,""
2025-05-05,Barbell Curl,Biceps,80.0,lbs,6,,,,""
2025-05-05,Rope Push Down,Triceps,110.0,lbs,9,,,,""
2025-05-05,Rope Push Down,Triceps,110.0,lbs,10,,,,""
2025-05-05,Rope Push Down,Triceps,100.0,lbs,12,,,,""
2025-05-06,Barbell Squat,Legs,70.0,lbs,12,,,,""
2025-05-06,Barbell Squat,Legs,80.0,lbs,8,,,,""
2025-05-06,Barbell Squat,Legs,90.0,lbs,4,,,,""
2025-05-06,Barbell Squat,Legs,70.0,lbs,8,,,,""
2025-05-07,Incline Dumbbell Bench Press,Chest,85.0,lbs,12,,,,""
2025-05-07,Incline Dumbbell Bench Press,Chest,85.0,lbs,7,,,,""
2025-05-07,Incline Dumbbell Bench Press,Chest,80.0,lbs,10,,,,""
2025-05-07,Incline Dumbbell Bench Press,Chest,80.0,lbs,8,,,,""
2025-05-07,Chest Press,Chest,80.0,lbs,10,,,,""
2025-05-07,Chest Press,Chest,90.0,lbs,7,,,,""
2025-05-07,Chest Press,Chest,80.0,lbs,8,,,,""
2025-05-07,Chest Press,Chest,80.0,lbs,6,,,,""
2025-05-07,Incline Press,Chest,45.0,lbs,12,,,,""
2025-05-08,Longpull,Back,170.0,lbs,12,,,,""
2025-05-08,Longpull,Back,170.0,lbs,10,,,,""
2025-05-08,Longpull,Back,170.0,lbs,7,,,,""
2025-05-08,Longpull,Back,150.0,lbs,12,,,,""
2025-05-08,Pulldown (Free Weights),Back,115.0,lbs,7,,,,""
2025-05-08,Pulldown (Free Weights),Back,100.0,lbs,12,,,,""
2025-05-08,Pulldown (Free Weights),Back,100.0,lbs,10,,,,""
2025-05-08,Pulldown (Free Weights),Back,100.0,lbs,9,,,,""
2025-05-08,Rows (Free Weights),Back,100.0,lbs,12,,,,""
2025-05-08,Rows (Free Weights),Back,100.0,lbs,12,,,,""
2025-05-10,Barbell Squat,Legs,70.0,lbs,12,,,,""
2025-05-10,Barbell Squat,Legs,80.0,lbs,8,,,,""
2025-05-10,Barbell Squat,Legs,80.0,lbs,5,,,,""
2025-05-10,Barbell Squat,Legs,45.0,lbs,12,,,,""
2025-05-14,Incline Dumbbell Bench Press,Chest,85.0,lbs,12,,,,""
2025-05-14,Chest Press,Chest,90.0,lbs,12,,,,""
2025-05-14,Dips (Chest),Chest,0.0,lbs,12,,,,""
2025-05-14,Incline Dumbbell Bench Press,Chest,85.0,lbs,11,,,,""
2025-05-14,Incline Dumbbell Bench Press,Chest,80.0,lbs,8,,,,""
2025-05-19,Incline Dumbbell Bench Press,Chest,85.0,lbs,12,,,,""
2025-05-19,Incline Dumbbell Bench Press,Chest,85.0,lbs,11,,,,""
2025-05-19,Incline Dumbbell Bench Press,Chest,80.0,lbs,8,,,,""
2025-05-19,Incline Dumbbell Bench Press,Chest,80.0,lbs,8,,,,""
2025-05-19,Chest Press,Chest,90.0,lbs,7,,,,""
2025-05-19,Chest Press,Chest,90.0,lbs,8,,,,""
2025-05-20,Longpull,Back,170.0,lbs,12,,,,""
2025-05-20,Longpull,Back,170.0,lbs,12,,,,""
2025-05-20,Longpull,Back,170.0,lbs,8,,,,""
2025-05-20,Longpull,Back,170.0,lbs,8,,,,""
2025-05-20,Pulldown (Free Weights),Back,115.0,lbs,9,,,,""
2025-05-20,Pulldown (Free Weights),Back,115.0,lbs,8,,,,""
2025-05-20,Pulldown (Free Weights),Back,115.0,lbs,8,,,,""
2025-05-20,Pulldown (Free Weights),Back,115.0,lbs,5,,,,""
2025-05-20,Rows (Free Weights),Back,115.0,lbs,10,,,,""
2025-05-20,Rows (Free Weights),Back,115.0,lbs,12,,,,""
2025-05-20,Rows (Free Weights),Back,115.0,lbs,10,,,,""
2025-05-21,Shoulder Press,Shoulders,115.0,lbs,9,,,,""
2025-05-21,Shoulder Press,Shoulders,110.0,lbs,7,,,,""
2025-05-21,Shoulder Press,Shoulders,100.0,lbs,10,,,,""
2025-05-21,Shoulder Press,Shoulders,100.0,lbs,6,,,,""
2025-05-21,Barbell Curl,Biceps,80.0,lbs,10,,,,""
2025-05-21,Rope Push Down,Triceps,110.0,lbs,12,,,,""
2025-05-21,Lateral Dumbbell Raise,Shoulders,25.0,lbs,10,,,,""
2025-05-22,Barbell Squat,Legs,70.0,lbs,10,,,,""
2025-05-22,Barbell Squat,Legs,80.0,lbs,8,,,,""
2025-05-23,Incline Barbell Bench Press,Chest,70.0,lbs,12,,,,""
2025-05-23,Incline Barbell Bench Press,Chest,80.0,lbs,7,,,,""
2025-05-23,Incline Barbell Bench Press,Chest,70.0,lbs,8,,,,""
2025-05-23,Incline Barbell Bench Press,Chest,70.0,lbs,8,,,,""
2025-05-26,Longpull,Back,190.0,lbs,11,,,,""
2025-05-26,Longpull,Back,190.0,lbs,7,,,,""
2025-05-26,Longpull,Back,170.0,lbs,9,,,,""
2025-05-26,Longpull,Back,170.0,lbs,8,,,,""
2025-05-26,Pulldown (Free Weights),Back,125.0,lbs,7,,,,""
2025-05-26,Pulldown (Free Weights),Back,115.0,lbs,8,,,,""
2025-05-26,Pulldown (Free Weights),Back,115.0,lbs,7,,,,""
2025-05-26,Pulldown (Free Weights),Back,115.0,lbs,7,,,,""
2025-05-26,Rows (Free Weights),Back,125.0,lbs,12,,,,""
2025-05-26,Rows (Free Weights),Back,125.0,lbs,10,,,,""
2025-05-27,Shoulder Press,Shoulders,115.0,lbs,10,,,,""
2025-05-27,Shoulder Press,Shoulders,115.0,lbs,7,,,,""
2025-05-27,Shoulder Press,Shoulders,105.0,lbs,8,,,,""
2025-05-27,Shoulder Press,Shoulders,105.0,lbs,7,,,,""
2025-05-27,Barbell Curl,Biceps,80.0,lbs,12,,,,""
2025-05-27,Barbell Curl,Biceps,80.0,lbs,9,,,,""
2025-05-27,Rope Push Down,Triceps,120.0,lbs,9,,,,""
2025-05-27,Rope Push Down,Triceps,120.0,lbs,9,,,,""
2025-05-27,Lateral Dumbbell Raise,Shoulders,25.0,lbs,11,,,,""
2025-05-27,Lateral Dumbbell Raise,Shoulders,25.0,lbs,10,,,,""
2025-05-27,Barbell Curl,Biceps,80.0,lbs,7,,,,""
2025-05-27,Barbell Curl,Biceps,70.0,lbs,7,,,,""
2025-05-27,Rope Push Down,Triceps,110.0,lbs,10,,,,""
2025-05-28,Barbell Squat,Legs,80.0,lbs,10,,,,""
2025-05-28,Barbell Squat,Legs,80.0,lbs,8,,,,""
2025-05-28,Barbell Squat,Legs,80.0,lbs,6,,,,""
2025-05-28,Barbell Squat,Legs,70.0,lbs,6,,,,""
2025-05-28,Leg Press,Legs,145.0,lbs,4,,,,""
2025-05-28,Leg Press,Legs,100.0,lbs,12,,,,""
2025-05-28,Leg Press,Legs,100.0,lbs,12,,,,""
2025-05-28,Leg Press,Legs,100.0,lbs,12,,,,""
2025-05-29,Incline Dumbbell Bench Press,Chest,90.0,lbs,11,,,,""
2025-05-29,Incline Dumbbell Bench Press,Chest,85.0,lbs,11,,,,""
2025-05-29,Incline Dumbbell Bench Press,Chest,80.0,lbs,7,,,,""
2025-05-29,Incline Dumbbell Bench Press,Chest,80.0,lbs,6,,,,""
2025-05-29,Chest Press,Chest,90.0,lbs,8,,,,""
2025-05-29,Chest Press,Chest,90.0,lbs,7,,,,""
2025-05-29,Chest Press,Chest,90.0,lbs,7,,,,""
2025-05-29,Chest Press,Chest,90.0,lbs,7,,,,""
2025-05-30,Pulldown (Free Weights),Back,125.0,lbs,10,,,,""
2025-05-30,Longpull,Back,150.0,lbs,8,,,,""
2025-05-30,Pulldown (Free Weights),Back,125.0,lbs,8,,,,""
2025-05-30,Pulldown (Free Weights),Back,115.0,lbs,10,,,,""
2025-05-30,Pulldown (Free Weights),Back,115.0,lbs,8,,,,""
2025-05-30,Longpull,Back,150.0,lbs,7,,,,""
2025-05-30,Longpull,Back,150.0,lbs,8,,,,""
2025-05-30,Longpull,Back,150.0,lbs,8,,,,""
2025-05-30,Low Row (Free Weight),Back,80.0,lbs,8,,,,""
2025-05-30,Low Row (Free Weight),Back,80.0,lbs,8,,,,""
2025-05-30,Low Row (Free Weight),Back,80.0,lbs,8,,,,""
2025-05-30,Low Row (Free Weight),Back,80.0,lbs,8,,,,""
2025-05-31,Incline Dumbbell Bench Press,Chest,90.0,lbs,11,,,,""
2025-05-31,Incline Dumbbell Bench Press,Chest,85.0,lbs,9,,,,""
2025-05-31,Incline Dumbbell Bench Press,Chest,75.0,lbs,9,,,,""
2025-05-31,Incline Dumbbell Bench Press,Chest,75.0,lbs,9,,,,""
2025-05-31,Chest Press,Chest,100.0,lbs,7,,,,""
2025-05-31,Chest Press,Chest,100.0,lbs,6,,,,""
2025-05-31,Chest Press,Chest,90.0,lbs,8,,,,""
2025-05-31,Chest Press,Chest,90.0,lbs,6,,,,""
2025-05-31,Pec Fly (Machine),Chest,60.0,lbs,12,,,,""
2025-05-31,Pec Fly (Machine),Chest,60.0,lbs,11,,,,""
2025-05-31,Pec Fly (Machine),Chest,46.0,lbs,15,,,,""
2025-05-31,Pec Fly (Machine),Chest,53.0,lbs,12,,,,""
2025-06-01,Barbell Squat,Legs,80.0,lbs,11,,,,""
2025-06-01,Barbell Squat,Legs,80.0,lbs,8,,,,""
2025-06-01,Barbell Squat,Legs,70.0,lbs,9,,,,""
2025-06-01,Barbell Squat,Legs,70.0,lbs,8,,,,""
2025-06-03,Longpull,Back,175.0,lbs,12,,,,""
2025-06-03,Longpull,Back,175.0,lbs,11,,,,""
2025-06-03,Longpull,Back,175.0,lbs,9,,,,""
2025-06-03,Longpull,Back,175.0,lbs,8,,,,""
2025-06-03,Pulldown (Free Weights),Back,125.0,lbs,8,,,,""
2025-06-03,Pulldown (Free Weights),Back,125.0,lbs,6,,,,""
2025-06-03,Pulldown (Free Weights),Back,115.0,lbs,8,,,,""
2025-06-03,Pulldown (Free Weights),Back,115.0,lbs,8,,,,""
2025-06-03,Low Row (Free Weight),Back,90.0,lbs,8,,,,""
2025-06-03,Low Row (Free Weight),Back,90.0,lbs,8,,,,""
2025-06-04,Shoulder Press,Shoulders,125.0,lbs,5,,,,""
2025-06-04,Shoulder Press,Shoulders,115.0,lbs,8,,,,""
2025-06-04,Shoulder Press,Shoulders,115.0,lbs,6,,,,""
2025-06-04,Shoulder Press,Shoulders,105.0,lbs,6,,,,""
2025-06-04,Shoulder Press,Shoulders,45.0,lbs,8,,,,""
2025-06-04,Barbell Curl,Biceps,90.0,lbs,10,,,,""
2025-06-04,Barbell Curl,Biceps,90.0,lbs,7,,,,""
2025-06-04,Barbell Curl,Biceps,80.0,lbs,8,,,,""
2025-06-04,Lateral Dumbbell Raise,Shoulders,25.0,lbs,12,,,,""
2025-06-04,Lateral Dumbbell Raise,Shoulders,25.0,lbs,12,,,,""
2025-06-04,Rope Push Down,Triceps,120.0,lbs,11,,,,""
2025-06-04,Rope Push Down,Triceps,120.0,lbs,11,,,,""
2025-06-04,Lateral Dumbbell Raise,Shoulders,20.0,lbs,12,,,,""
2025-06-04,Lateral Dumbbell Raise,Shoulders,20.0,lbs,12,,,,""
2025-06-04,Barbell Curl,Biceps,80.0,lbs,8,,,,""
2025-06-05,Barbell Squat,Legs,80.0,lbs,12,,,,""
2025-06-05,Barbell Squat,Legs,80.0,lbs,8,,,,""
2025-06-05,Barbell Squat,Legs,80.0,lbs,8,,,,""
2025-06-05,Barbell Squat,Legs,80.0,lbs,8,,,,""
2025-06-06,Incline Dumbbell Bench Press,Chest,90.0,lbs,12,,,,""
2025-06-06,Incline Dumbbell Bench Press,Chest,85.0,lbs,9,,,,""
2025-06-06,Incline Dumbbell Bench Press,Chest,80.0,lbs,9,,,,""
2025-06-06,Incline Dumbbell Bench Press,Chest,80.0,lbs,9,,,,""
2025-06-06,Chest Press,Chest,95.0,lbs,6,,,,""
2025-06-06,Chest Press,Chest,90.0,lbs,7,,,,""
2025-06-06,Chest Press,Chest,90.0,lbs,6,,,,""
2025-06-06,Chest Press,Chest,80.0,lbs,10,,,,""
2025-06-06,Pec Fly (Machine),Chest,67.0,lbs,9,,,,""
2025-06-06,Pec Fly (Machine),Chest,67.0,lbs,9,,,,""
2025-06-06,Pec Fly (Machine),Chest,60.0,lbs,11,,,,""
2025-06-06,Pec Fly (Machine),Chest,60.0,lbs,11,,,,""
2025-06-08,Pulldown (Free Weights),Back,125.0,lbs,12,,,,""
2025-06-08,Pulldown (Free Weights),Back,125.0,lbs,9,,,,""
2025-06-08,Pulldown (Free Weights),Back,125.0,lbs,7,,,,""
2025-06-08,Pulldown (Free Weights),Back,115.0,lbs,9,,,,""
2025-06-08,Longpull,Back,150.0,lbs,10,,,,""
2025-06-08,Longpull,Back,150.0,lbs,9,,,,""
2025-06-08,Longpull,Back,150.0,lbs,10,,,,""
2025-06-08,Longpull,Back,150.0,lbs,8,,,,""
2025-06-08,Low Row (Free Weight),Back,55.0,lbs,20,,,,""
2025-06-10,Barbell Squat,Legs,80.0,lbs,12,,,,""
2025-06-10,Barbell Squat,Legs,80.0,lbs,10,,,,""
2025-06-11,Incline Dumbbell Bench Press,Chest,90.0,lbs,12,,,,""
2025-06-11,Incline Dumbbell Bench Press,Chest,90.0,lbs,8,,,,""
2025-06-11,Incline Dumbbell Bench Press,Chest,85.0,lbs,6,,,,""
2025-06-11,Incline Dumbbell Bench Press,Chest,80.0,lbs,7,,,,""
2025-06-11,Chest Press,Chest,90.0,lbs,8,,,,""
2025-06-11,Chest Press,Chest,45.0,lbs,9,,,,""
2025-06-11,Chest Press,Chest,70.0,lbs,9,,,,""
2025-06-11,Chest Press,Chest,45.0,lbs,7,,,,""
2025-06-11,Chest Press,Chest,70.0,lbs,9,,,,""
2025-06-11,Chest Press,Chest,45.0,lbs,7,,,,""
2025-06-11,Chest Press,Chest,70.0,lbs,9,,,,""
2025-06-11,Chest Press,Chest,45.0,lbs,7,,,,""
2025-06-11,Incline Dumbbell Fly,Chest,45.0,lbs,12,,,,""
2025-06-11,Incline Dumbbell Fly,Chest,45.0,lbs,10,,,,""
2025-06-11,Incline Dumbbell Fly,Chest,50.0,lbs,8,,,,""
2025-06-12,Longpull,Back,160.0,lbs,12,,,,""
2025-06-12,Longpull,Back,160.0,lbs,12,,,,""
2025-06-12,Longpull,Back,160.0,lbs,11,,,,""
2025-06-12,Longpull,Back,160.0,lbs,8,,,,""
2025-06-12,Pulldown (Free Weights),Back,125.0,lbs,8,,,,""
2025-06-12,Lat Pulldown,Back,150.0,lbs,10,,,,""
2025-06-12,Lat Pulldown,Back,150.0,lbs,10,,,,""
2025-06-15,Barbell Squat,Legs,90.0,lbs,9,,,,""
2025-06-16,Incline Dumbbell Bench Press,Chest,90.0,lbs,12,,,,""
2025-06-16,Incline Dumbbell Bench Press,Chest,85.0,lbs,10,,,,""
2025-06-16,Incline Dumbbell Bench Press,Chest,85.0,lbs,8,,,,""
2025-06-16,Incline Dumbbell Bench Press,Chest,80.0,lbs,6,,,,""
2025-06-16,Incline Dumbbell Bench Press,Chest,50.0,lbs,4,,,,""
2025-06-16,Chest Press,Chest,95.0,lbs,8,,,,""
2025-06-16,Incline Dumbbell Fly,Chest,50.0,lbs,12,,,,""
2025-06-16,Chest Press,Chest,95.0,lbs,6,,,,""
2025-06-16,Chest Press,Chest,80.0,lbs,6,,,,""
2025-06-16,Chest Press,Chest,80.0,lbs,8,,,,""
2025-06-17,Pulldown (Free Weights),Back,130.0,lbs,11,,,,""
2025-06-17,Pulldown (Free Weights),Back,130.0,lbs,7,,,,""
2025-06-17,Pulldown (Free Weights),Back,125.0,lbs,8,,,,""
2025-06-17,Pulldown (Free Weights),Back,115.0,lbs,11,,,,""
2025-06-17,Pulldown (Free Weights),Back,45.0,lbs,12,,,,""
2025-06-17,Dumbbell Row,Back,70.0,lbs,12,,,,""
2025-06-17,Longpull,Back,150.0,lbs,10,,,,""
2025-06-17,Longpull,Back,150.0,lbs,8,,,,""
2025-06-17,Longpull,Back,140.0,lbs,8,,,,""
2025-06-17,Longpull,Back,140.0,lbs,8,,,,""
2025-06-17,Low Row (Free Weight),Back,70.0,lbs,8,,,,""
2025-06-18,Shoulder Press,Shoulders,115.0,lbs,9,,,,""
2025-06-18,Shoulder Press,Shoulders,115.0,lbs,7,,,,""
2025-06-18,Shoulder Press,Shoulders,105.0,lbs,10,,,,""
2025-06-18,Shoulder Press,Shoulders,90.0,lbs,8,,,,""
2025-06-18,Barbell Curl,Biceps,90.0,lbs,11,,,,""
2025-06-18,Barbell Curl,Biceps,90.0,lbs,8,,,,""
2025-06-18,Rope Push Down,Triceps,120.0,lbs,9,,,,""
2025-06-18,Rope Push Down,Triceps,120.0,lbs,11,,,,""
2025-06-18,Lateral Dumbbell Raise,Shoulders,25.0,lbs,12,,,,""
2025-06-19,Barbell Squat,Legs,90.0,lbs,10,,,,""
2025-06-20,Incline Dumbbell Bench Press,Chest,90.0,lbs,12,,,,""
2025-06-20,Incline Dumbbell Bench Press,Chest,90.0,lbs,9,,,,""
2025-06-20,Incline Dumbbell Bench Press,Chest,85.0,lbs,10,,,,""
2025-06-20,Incline Dumbbell Bench Press,Chest,80.0,lbs,6,,,,""
2025-06-20,Chest Press,Chest,70.0,lbs,12,,,,""
2025-06-20,Chest Press,Chest,70.0,lbs,10,,,,""
2025-06-20,Chest Press,Chest,70.0,lbs,9,,,,""
2025-06-20,Chest Press,Chest,70.0,lbs,11,,,,""
2025-06-20,Chest Press,Chest,45.0,lbs,6,,,,""
2025-06-20,Incline Dumbbell Fly,Chest,50.0,lbs,10,,,,""
2025-06-20,Incline Dumbbell Fly,Chest,50.0,lbs,12,,,,""
2025-06-20,Incline Dumbbell Fly,Chest,55.0,lbs,9,,,,""
2025-06-20,Incline Dumbbell Fly,Chest,55.0,lbs,7,,,,""
2025-06-20,Dips (Chest),Chest,0.0,lbs,12,,,,""
2025-06-20,Dips (Chest),Chest,0.0,lbs,12,,,,""
2025-06-20,Dips (Chest),Chest,0.0,lbs,12,,,,""
2025-06-20,Dips (Chest),Chest,0.0,lbs,12,,,,""
2025-06-21,Pulldown (Free Weights),Back,125.0,lbs,11,,,,""
2025-06-21,Pulldown (Free Weights),Back,125.0,lbs,7,,,,""
2025-06-21,Pulldown (Free Weights),Back,115.0,lbs,9,,,,""
2025-06-21,Pulldown (Free Weights),Back,115.0,lbs,9,,,,""
2025-06-21,Pulldown (Free Weights),Back,90.0,lbs,7,,,,""
2025-06-21,Low Row (Free Weight),Back,90.0,lbs,10,,,,""
2025-06-21,Low Row (Free Weight),Back,90.0,lbs,10,,,,""
2025-06-21,Low Row (Free Weight),Back,100.0,lbs,9,,,,""
2025-06-21,Low Row (Free Weight),Back,100.0,lbs,8,,,,""
2025-06-21,Low Row (Free Weight),Back,90.0,lbs,7,,,,""